casa;id;nome;rede;handle;seguidores;coletado_em;perfil_id
camara;204379;Acácio Favacho;instagram;acaciofavacho;43955;2026-07-06;218121972
camara;220714;Adail Filho;instagram;adailfilho;59294;2026-07-06;3677772543
camara;221328;Adilson Barroso;instagram;adilson_barroso_ambientalista;247697;2026-07-06;1264781837
camara;204560;Adolfo Viana;instagram;adolfovianaoficial;28117;2026-07-06;259499586
camara;204528;Adriana Ventura;instagram;adriventurasp;241768;2026-07-06;3161937033
camara;121948;Adriano do Baldy;instagram;adrianodobaldyoficial;27355;2026-07-06;8009931945
camara;74646;Aécio Neves;instagram;aecionevesoficial;328901;2026-07-06;241560623
camara;160508;Afonso Florence;instagram;afonsoflorence;41384;2026-07-06;466775334
camara;136811;Afonso Hamm;instagram;afonsohamm;31269;2026-07-06;5534400072
camara;178835;Afonso Motta;instagram;afonsomottaoficial;14221;2026-07-06;8391552752
camara;160527;Aguinaldo Ribeiro;instagram;depaguinaldoribeiro;36689;2026-07-06;6424301440
camara;204495;Airton Faleiro;instagram;airtonfaleiropt;29144;2026-07-06;1426445575
camara;204549;AJ Albuquerque;instagram;albuquerque.aj;34072;2026-07-06;6300559316
camara;73579;Alberto Fraga;instagram;dep_albertofraga;80307;2026-07-06;1407328479
camara;220538;Albuquerque;instagram;betoalbuquerque40;12969;2026-07-06;461425798
camara;160559;Alceu Moreira;instagram;alceu_moreira;253530;2026-07-06;5847154648
camara;204501;Alencar Santana;instagram;alencarbraga13;258223;2026-07-06;528749911
camara;178972;Alex Manente;instagram;alexmanente;90456;2026-07-06;193967633
camara;220542;Alexandre Guimarães;instagram;alexandreguimaraes15;61752;2026-07-06;16806262479
camara;160545;Alexandre Leite;instagram;alexandreleite.sp;24855;2026-07-06;198713812
camara;220554;Alexandre Lindenmeyer;instagram;alexandre.lindenmeyer;39273;2026-07-06;10325356934
camara;221148;Alfredinho;instagram;Alfredinho.pt;33977;2026-07-06;6431254489
camara;220576;Alfredo Gaspar;instagram;alfredogaspar;717787;2026-07-06;7477545245
camara;74057;Alice Portugal;instagram;aliceportugal;146290;2026-07-06;40024325
camara;178927;Aliel Machado;instagram;alielmachado;35075;2026-07-06;1510214163
camara;204353;Aline Gurgel;instagram;dep_alinegurgel;34160;2026-07-06;29609135
camara;178937;Altineu Côrtes;instagram;altineucortesrj;90818;2026-07-06;5377181311
camara;178881;Aluisio Mendes;instagram;aluisiomendesma;117325;2026-07-06;3180954506
camara;220707;Amanda Gentil;instagram;amandagentill;81954;2026-07-06;447430246
camara;204356;Amaro Neto;instagram;amaronetotv;106395;2026-07-06;836769633
camara;220715;Amom Mandel;instagram;eusouamom;435534;2026-07-06;8499204174
camara;107970;Ana Paula Leão;instagram;anapaulajunqueiraleao;31880;2026-07-06;21268563
camara;220556;Ana Paula Lima;instagram;anapaulalimapt;81980;2026-07-06;1723595442
camara;220632;Ana Pimentel;instagram;anapimentelmg;80542;2026-07-06;1411807267
camara;178831;André Abdon;instagram;andreabdon_;;;
camara;220657;André Fernandes;instagram;andrefernandes;2768903;2026-07-06;259465237
camara;204423;André Ferreira;instagram;andreferreira.pe;60410;2026-07-06;262573912
camara;133439;André Figueiredo;instagram;depandrefigueiredo;54129;2026-07-06;1420598936
camara;178882;André Fufuca;instagram;andre_fufuca;122891;2026-07-06;1150548741
camara;204515;André Janones;instagram;andrejanones;2739689;2026-07-06;513171443
camara;220676;Andreia Siqueira;instagram;andreiasiqueira;114041;2026-07-06;2002866289
camara;123756;Antônia Lúcia;instagram;depantonialucia;39805;2026-07-06;917763874
camara;220544;Antonio Andrade;instagram;toinhoandradeto;18481;2026-07-06;8488000565
camara;160553;Antonio Brito;instagram;antoniobritobahia;42746;2026-07-06;1431108037
camara;220638;Antonio Carlos Rodrigues;instagram;antoniocarlosrodrigues.sp;61491;2026-07-06;10865225962
camara;220675;Antônio Doido;instagram;antoniodoido;86591;2026-07-06;19214386210
camara;220549;Any Ortiz;;;;;
camara;73433;Arlindo Chinaglia;instagram;depchinaglia;54209;2026-07-06;1641475680
camara;141391;Arnaldo Jardim;instagram;arnaldojardimoficial;23921;2026-07-06;6037840682
camara;160541;Arthur Lira;instagram;oficialarthurlira;338197;2026-07-06;5815924013
camara;160600;Arthur Oliveira Maia;instagram;departhuroliveiramaia;67820;2026-07-06;405099456
camara;74090;Átila Lins;instagram;dep.atilalins;13602;2026-07-06;8638044083
camara;123086;Átila Lira;instagram;#;;;
camara;160665;Augusto Coutinho;instagram;augustocoutinhope;42807;2026-07-06;24208457
camara;160512;Aureo Ribeiro;instagram;aureo.ribeiro;57439;2026-07-06;856319584
camara;69871;Bacelar;instagram;DEPUTADOBACELAR;53023;2026-07-06;625990128
camara;178975;Baleia Rossi;instagram;baleia.rossi;67531;2026-07-06;6100643054
camara;220605;Bandeira de Mello;instagram;eduardobandeirademello;349973;2026-07-06;8403869883
camara;220612;Bebeto;instagram;bebetorj;32240;2026-07-06;36053270154
camara;73701;Benedita da Silva;instagram;instadabene;557274;2026-07-06;4147496783
camara;109429;Benes Leocádio;instagram;benesleocadiorn;47809;2026-07-06;7595729729
camara;204358;Beto Pereira;instagram;betopereirams;39801;2026-07-06;2119880887
camara;220698;Beto Preto;instagram;betopretoparana;51760;2026-07-06;214182573
camara;220683;Beto Richa;instagram;betoricha;36035;2026-07-06;146231745
camara;204374;Bia Kicis;instagram;biakicis;2494237;2026-07-06;3651758
camara;204388;Bibo Nunes;instagram;bibonunes1;287961;2026-07-06;311591700
camara;160538;Bohn Gass;instagram;bohn_gass;182510;2026-07-06;2100486411
camara;210989;Bruno Farias;instagram;brunofariasmg;181604;2026-07-06;17946470522
camara;220635;Bruno Ganem;instagram;brunoganemsp;438938;2026-07-06;1181401643
camara;220574;Cabo Gilberto Silva;instagram;CaboGilbertoSilva;785775;2026-07-06;511841753
camara;220548;Camila Jara;instagram;camilajarams;220208;2026-07-06;207613897
camara;204572;Capitão Alberto Neto;instagram;capitaoalbertoneto;367398;2026-07-06;3215521773
camara;220690;Capitão Alden;instagram;capitao_alden;449797;2026-07-06;199891314
camara;178829;Capitão Augusto;instagram;capitaoaugustooficial;162237;2026-07-06;9245394330
camara;213762;Carla Dickson;instagram;carladicksonoficial;248381;2026-07-06;316314435
camara;204361;Carlos Chiodini;instagram;carloschiodini;29881;2026-07-06;252119143
camara;178962;Carlos Gomes;instagram;carlosgomesdep;22559;2026-07-06;402028801
camara;178993;Carlos Henrique Gaguim;instagram;carlosgaguim;79626;2026-07-06;10075104
camara;204460;Carlos Jordy;instagram;carlosjordy;1395156;2026-07-06;55447891
camara;74262;Carlos Sampaio;instagram;depcarlossampaio;149822;2026-07-06;1240973557
camara;204426;Carlos Veras;instagram;carlosverass;89340;2026-07-06;1395350609
camara;141398;Carlos Zarattini;instagram;depzarattini;96523;2026-07-06;298781021
camara;220704;Carol Dartora;instagram;acaroldartora;130931;2026-07-06;1681133584
camara;204369;Caroline de Toni;instagram;carolinedetoni;1333816;2026-07-06;482320676
camara;220699;Castro Neto;instagram;castronetopi;36387;2026-07-06;1444068342
camara;206018;Célia Xakriabá;instagram;celia.xakriaba;449469;2026-07-06;1597078573
camara;178876;Célio Silveira;instagram;celiosilveiradeputado;22096;2026-07-06;1734921176
camara;204488;Célio Studart;instagram;celiostudart;1074529;2026-07-06;327375969
camara;73441;Celso Russomanno;instagram;celsorussomanno;2034830;2026-07-06;206927161
camara;204496;Celso Sabino;instagram;celsosabinooficial;121737;2026-07-06;1265742871
camara;204504;Cezinha de Madureira;instagram;cezinhademadureira;192133;2026-07-06;374735756
camara;205476;Charles Fernandes;instagram;charlesfernandesoficial;36236;2026-07-06;5274771128
camara;74171;Chico Alencar;instagram;chico.alencar;299172;2026-07-06;1427911377
camara;204462;Chris Tonietto;instagram;christonietto;418247;2026-07-06;7247840234
camara;220665;Clarissa Tércio;instagram;clarissatercio;727447;2026-07-06;39287078
camara;74537;Claudio Cajado;instagram;deputadocajado;37417;2026-07-06;2319036362
camara;141408;Cleber Verde;instagram;cleberverdefilho;13858;2026-07-06;455720287
camara;88256;Clodoaldo Magalhães;instagram;deputadoclodoaldomagalhaes;56536;2026-07-06;5899110627
camara;98148;Cobalchini;instagram;valdircobalchini;52431;2026-07-06;1785839047
camara;220594;Coronel Assis;instagram;coronelassis;;;
camara;204378;Coronel Chrisóstomo;instagram;depcoronelchrisostomo;417269;2026-07-06;11540722988
camara;220595;Coronel Fernanda;instagram;coronelfernandamt;267109;2026-07-06;31702639917
camara;220666;Coronel Meira;instagram;coronelmeiraoficial;303261;2026-07-06;53085501585
camara;220590;Coronel Ulysses;instagram;coronelulysses;150302;2026-07-06;4137436125
camara;220608;Cristiane Lopes;instagram;cristianelopesro;65134;2026-07-06;7158881807
camara;204355;Da Vitoria;instagram;deputadodavitoria;51470;2026-07-06;4039647334
camara;141411;Dagoberto Nogueira;instagram;dagobertonogueirams;19904;2026-07-06;3645800994
camara;220555;Daiana Santos;instagram;daianasantospoa;82525;2026-07-06;1452553962
camara;220692;Dal Barreto;instagram;dalbarretodeputado;58544;2026-07-06;7715502430
camara;74467;Damião Feliciano;instagram;damiao_silva03;1271;2026-07-06;32820180933
camara;220629;Dandara;instagram;todandara;154138;2026-07-06;507629575
camara;220603;Dani Cunha;instagram;danicunhario;36781;2026-07-06;8141415284
camara;220571;Daniel Agrobom;instagram;daniel.agrobom;38408;2026-07-06;1556439676
camara;74060;Daniel Almeida;instagram;danielalmeida;39297;2026-07-06;520625855
camara;220582;Daniel Barbosa;instagram;daniel.barbosa.al;31779;2026-07-06;35840339
camara;204367;Daniel Freitas;instagram;danielcfreitas;122636;2026-07-06;176235914
camara;204409;Daniel Trzeciak;instagram;danieltrzeciak45;;;
camara;204459;Daniela do Waguinho;instagram;danielacarneirooficial;72437;2026-07-06;1574039610
camara;220557;Daniela Reinehr;instagram;danielareinehr;152684;2026-07-06;4049802495
camara;62881;Danilo Forte;instagram;depdaniloforte;108077;2026-07-06;1284988170
camara;160552;Danrlei de Deus Hinterholz;;;;;
camara;204511;David Soares;instagram;davidbrsoares;82874;2026-07-06;4073135643
camara;220539;Defensor Stélio Dener;instagram;defensor_steliodener;28410;2026-07-06;10933717801
camara;220565;Delegada Adriana Accorsi;instagram;adriana_accorsi;92662;2026-07-06;1005450717
camara;220625;Delegada Ione;instagram;delegadaione;143023;2026-07-06;5455386262
camara;220561;Delegada Katarina;instagram;delegadakatarina;65730;2026-07-06;463726350
camara;220642;Delegado Bruno Lima;instagram;del.brunolima;2539115;2026-07-06;1671343191
camara;220673;Delegado Caveira;instagram;delegadocaveira;501862;2026-07-06;328377303
camara;220649;Delegado da Cunha;instagram;delegadodacunha?igshid=ZDdkNTZiNTM=;;;
camara;178908;Delegado Éder Mauro;instagram;edermauropa;464350;2026-07-06;1809838166
camara;220583;Delegado Fabio Costa;instagram;delegadofabiocosta;226737;2026-07-06;3221237064
camara;204512;Delegado Marcelo Freitas;instagram;delegadomarcelofreitas;73775;2026-07-06;5810734706
camara;220701;Delegado Matheus Laiola;instagram;delegado.matheuslaiola;745254;2026-07-06;6059973459
camara;220652;Delegado Palumbo;instagram;delegadopalumbo;2650062;2026-07-06;3269956907
camara;220654;Delegado Paulo Bilynskyj;;;;;
camara;220553;Denise Pessôa;instagram;denise_pessoa;31156;2026-07-06;183490039
camara;220689;Detinha;instagram;detinhapl;98457;2026-07-06;3281055546
camara;160588;Diego Andrade;instagram;diegoandrademg;35893;2026-07-06;21331216
camara;220691;Diego Coronel;instagram;diegocoronel.oficial;35856;2026-07-06;5987106243
camara;178929;Diego Garcia;instagram;diegogarciaparana;73450;2026-07-06;716841527
camara;73768;Dilceu Sperafico;instagram;dilceusperafico;11479;2026-07-06;12897952248
camara;220671;Dilvanda Faro;instagram;deputadadilvandafaro;35188;2026-07-06;1063324673
camara;160599;Dimas Fabiano;instagram;depdimas;12104;2026-07-06;41616816
camara;220602;Dimas Gadelha;instagram;dimasgadelha13;338105;2026-07-06;5518611166
camara;143632;Domingos Neto;instagram;domingosneto;105148;2026-07-06;21206471
camara;160758;Domingos Sávio;instagram;domingossaviomg;121551;2026-07-06;395704121
camara;220573;Dorinaldo Malafaia;instagram;malafaiadorinaldo;25997;2026-07-06;2148660002
camara;204450;Doutor Luizinho;instagram;doutorluizinho;109722;2026-07-06;7521344527
camara;227991;Dr Flávio;instagram;drflaviosalik;565102;2026-07-06;10933941355
camara;220614;Dr. Daniel Soranz;instagram;danielsoranz;214874;2026-07-06;178208222
camara;220610;Dr. Fernando Máximo;instagram;drfernandomaximo007;151618;2026-07-06;44614077660
camara;220688;Dr. Francisco;instagram;drfranciscopiaui;54976;2026-07-06;3406657361
camara;204518;Dr. Frederico;instagram;drfredericomg;206126;2026-07-06;7993544900
camara;220570;Dr. Ismael Alexandrino;instagram;ismael.alexandrino;67129;2026-07-06;6465656
camara;204481;Dr. Jaziel;;;;;
camara;204351;Dr. Luiz Ovando;instagram;drluizovando;91478;2026-07-06;1432862052
camara;220528;Dr. Victor Linhalis;instagram;drvictorlinhalis;21473;2026-07-06;212339971
camara;204412;Dr. Zacharias Calil;instagram;drzachariascalil;272232;2026-07-06;5056829276
camara;220674;Dra. Alessandra Haber;instagram;draalessandrahaber;117655;2026-07-06;219930448
camara;220686;Duarte Jr.;instagram;duartejr70;463756;2026-07-06;204219700
camara;220540;Duda Ramos;instagram;dudaramos.rr;34379;2026-07-06;44764462460
camara;220623;Duda Salabert;instagram;duda_salabert;775993;2026-07-06;1658626366
camara;204541;Eduardo Bismarck;instagram;eduardobismarckce;59999;2026-07-06;5609282365
camara;141421;Eduardo da Fonte;instagram;eduardodafonte;66746;2026-07-06;260594014
camara;220589;Eduardo Velloso;instagram;dr.eduardovelloso;24986;2026-07-06;7994805581
camara;74075;Elcione Barbalho;instagram;elcionebarbalho;78290;2026-07-06;211777043
camara;204364;Eli Borges;instagram;dep.eliborges;21196;2026-07-06;7424172123
camara;178854;Elmar Nascimento;instagram;deputadoelmarnascimento;33675;2026-07-06;6121245946
camara;198783;Emanuel Pinheiro Neto;instagram;emanuelpinheironeto;28428;2026-07-06;193055873
camara;161550;Emidinho Madeira;instagram;emidinhomadeira;35172;2026-07-06;2969201927
camara;230765;Enfermeira Rejane;instagram;deputadaenfermeirarejane;26583;2026-07-06;1427111488
camara;220663;Eriberto Medeiros;instagram;eriberto.medeiros;39126;2026-07-06;8392914830
camara;220645;Erika Hilton;instagram;hilton_erika;4940657;2026-07-06;1280403287
camara;160575;Erika Kokay;instagram;erikakokay;312312;2026-07-06;184565976
camara;160640;Eros Biondini;instagram;ErosBiondini;250461;2026-07-06;345005816
camara;74454;Eunício Oliveira;instagram;euniciooliveira;119780;2026-07-06;242916253
camara;178871;Evair Vieira de Melo;outra;evair.vieirademelo;;;
camara;178905;Fabio Garcia;instagram;oficialfabiogarcia;55494;2026-07-06;1399356239
camara;220681;Fábio Macedo;instagram;fabiodiasmacedo;92102;2026-07-06;418167132
camara;171623;Fabio Reis;instagram;depfabioreis;61849;2026-07-06;247230101
camara;204368;Fabio Schiochet;instagram;fabioschiochet;17464;2026-07-06;201691612
camara;220653;Fábio Teruel;instagram;fabioterueloficial;;;
camara;220712;Fausto Jr.;;;;;
camara;66828;Fausto Pinato;instagram;faustopinato;59787;2026-07-06;3643911216
camara;220646;Felipe Becari;instagram;felipebecari;1774077;2026-07-06;8263026624
camara;72442;Felipe Carreras;instagram;felipecarreras;141018;2026-07-06;26230354
camara;204398;Felipe Francischini;instagram;felipe_francischini;107596;2026-07-06;1460211205
camara;160666;Félix Mendonça Júnior;instagram;felixmendoncajr;;;
camara;204407;Fernanda Melchionna;instagram;fernandapsol;746667;2026-07-06;1436174737
camara;220656;Fernanda Pessoa;instagram;deputadafernandapessoa;33566;2026-07-06;292798424
camara;141431;Fernando Coelho Filho;instagram;f_coelhofilho;296;2026-07-06;55712512055
camara;204445;Fernando Mineiro;instagram;mineiroptrn;60300;2026-07-06;248134382
camara;92699;Fernando Monteiro;instagram;fernandomonteirope;39001;2026-07-06;1364315014
camara;204427;Fernando Rodolfo;instagram;fernandorodolfooficial;59942;2026-07-06;3275561830
camara;204411;Filipe Barros;instagram;filipebarrosoficial;800269;2026-07-06;213179276
camara;220545;Filipe Martins;instagram;filipemartinsto;19949;2026-07-06;3674646531
camara;160598;Flávia Morais;instagram;flaviamorais1212;;;
camara;191923;Flávio Nogueira;instagram;flavionogueirapi;30838;2026-07-06;1413042309
camara;220700;Florentino Neto;instagram;florentinoverasneto;40048;2026-07-06;3693111209
camara;220551;Franciane Bayer;instagram;thais_franciany;802;2026-07-06;4371357222
camara;204494;Fred Costa;instagram;FredCostaDEP;502136;2026-07-06;55889570
camara;220534;Fred Linhares;instagram;fredlinharesbrasilia;319809;2026-07-06;3968408902
camara;224117;Gabriel Mota;instagram;gabriel_motarr;18368;2026-07-06;145437765
camara;220708;Gabriel Nunes;instagram;deputadogabrielnunes;34054;2026-07-06;239308910
camara;204473;General Girão;instagram;generalgirao;328786;2026-07-06;339456600
camara;220611;General Pazuello;instagram;generalpazuello.oficial;523713;2026-07-06;52933584544
camara;178966;Geovania de Sá;instagram;geovaniasa?igshid=ZDdkNTZiNTM=;;;
camara;220702;Geraldo Mendes;instagram;?igshid=YmMyMTA2M2Y%3D;;;
camara;74374;Geraldo Resende;instagram;geraldoresendems;21385;2026-07-06;3064947696
camara;204394;Gervásio Maia;instagram;gervasiomaia;46950;2026-07-06;1238139947
camara;204491;Gilberto Abramo;instagram;gilbertoabramo_;35108;2026-07-06;359139742
camara;74270;Gilberto Nascimento;instagram;gnascimento;317519;2026-07-06;500306884
camara;220529;Gilson Daniel;instagram;gilsondaniel1919;;;
camara;204365;Gilson Marques;instagram;gilson.marques.novo;333259;2026-07-06;5765391358
camara;220526;Gilvan da Federal;instagram;gilvandafederal;281282;2026-07-06;5784592036
camara;160673;Giovani Cherini;instagram;deputadogiovanicherini;478081;2026-07-06;1438338562
camara;152605;Glauber Braga;instagram;glauberbraga_oficial;944639;2026-07-06;489039271
camara;204419;Glaustin da Fokus;instagram;glaustindafokus;63638;2026-07-06;636502085
camara;236284;Glaycon Franco;instagram;glayconfranco;11400;2026-07-06;1697907884
camara;107283;Gleisi Hoffmann;instagram;gleisihoffmann;1277139;2026-07-06;578154010
camara;198197;Greyce Elias;instagram;greyceelias;67654;2026-07-06;351706591
camara;204531;Guilherme Derrite;instagram;capitaoderrite;85;2026-07-06;31176984544
camara;220664;Guilherme Uchoa;instagram;GUILHERMEUCHOAJR;35079;2026-07-06;50051672
camara;220568;Gustavo Gayer;instagram;gusgayer;3121787;2026-07-06;175177577
camara;204408;Gustinho Ribeiro;instagram;gustinhoribeiro;32716;2026-07-06;19009001
camara;204456;Gutemberg Reis;instagram;gutembergreisoficial;238581;2026-07-06;7557753454
camara;178964;Heitor Schuch;instagram;heitorschuch;17118;2026-07-06;245649197
camara;178873;Helder Salomão;instagram;heldersalomao;55341;2026-07-06;655610321
camara;220537;Helena Lima;instagram;helenadaasatur;26143;2026-07-06;2038626743
camara;204444;Helio Lopes;instagram;depheliolopes;1905839;2026-07-06;7694209580
camara;220672;Henderson Pinto;instagram;hendersonpintooficial;44267;2026-07-06;2294578186
camara;204539;Hercílio Coelho Diniz;instagram;herciliocoelhodinizoficial;37524;2026-07-06;7184828613
camara;178884;Hildo Rocha;instagram;hildorocha;140040;2026-07-06;1426464915
camara;141450;Hugo Leal;instagram;dephugoleal;44353;2026-07-06;1008316725
camara;160674;Hugo Motta;instagram;hugomottapb;315419;2026-07-06;249462631
camara;220563;Icaro de Valmir;instagram;icarodevalmir;51762;2026-07-06;53889340292
camara;204533;Idilvan Alencar;instagram;idilvanalencar;130325;2026-07-06;3588956013
camara;204508;Igor Timo;instagram;oficialigortimo;28733;2026-07-06;6341496189
camara;235620;Ilacir Bicalho;instagram;ilacir.bicalho;28457;2026-07-06;7265446195
camara;74295;Inácio Arruda;instagram;inacioarruda_;13215;2026-07-06;1274651333
camara;98615;Ismael;instagram;deputadoismael;25266;2026-07-06;1304246030
camara;204436;Isnaldo Bulhões Jr.;instagram;isnaldobulhoes;65435;2026-07-06;26990391
camara;225846;Itamar Paim;instagram;pr_itamar_paim;28548;2026-07-06;8441845370
camara;220696;Ivoneide Caetano;instagram;ivoneidecaetanooficial;75119;2026-07-06;208539112
camara;220670;Iza Arruda;instagram;izaarrudape;62352;2026-07-06;31717440173
camara;220527;Jack Rocha;instagram;jackelinerocha.13;58196;2026-07-06;348316792
camara;220697;Jadyel Alencar;instagram;jadyelalencar;126884;2026-07-06;219810090
camara;74848;Jandira Feghali;instagram;jandira_feghali;738463;2026-07-06;549262841
camara;220567;Jeferson Rodrigues;instagram;depjeferson10;79844;2026-07-06;684662359
camara;74273;Jefferson Campos;instagram;depjefferson;42237;2026-07-06;51386680
camara;141456;Jilmar Tatto;instagram;jilmartatto;66338;2026-07-06;7434567397
camara;235869;João Carlos;instagram;meuamigojoaocarlos;37168;2026-07-06;4126084566
camara;141458;João Carlos Bacelar;instagram;joaobacelaroficial;;;
camara;230957;João Cury;instagram;joaocurysp;45565;2026-07-06;6642138566
camara;178970;João Daniel;instagram;deputadojoaodaniel;33407;2026-07-06;1499791457
camara;141459;João Maia;instagram;jpmaia;728052;2026-07-06;5894635082
camara;178910;Joaquim Passarinho;instagram;joaquim_passarinho;87626;2026-07-06;1941458895
camara;160548;Jonas Donizette;instagram;jonasdonizette;47410;2026-07-06;196950301
camara;235800;Jorge Araújo;instagram;jorgearaujooficial;984602;2026-07-06;1337721583
camara;205550;Jorge Braz;instagram;jorge_braz;31516;2026-07-06;385901311
camara;214694;Jorge Goetten;instagram;jorgegoetten;22448;2026-07-06;8157369817
camara;178857;Jorge Solla;instagram;depjorgesolla;82947;2026-07-06;1417541557
camara;141464;José Airton Félix Cirilo;instagram;Joseairtoncirilo;41323;2026-07-06;375150484
camara;74140;José Carlos Araujo;instagram;jcarlos_araujo;1839;2026-07-06;655990098
camara;204472;José Medeiros;instagram;josemedeirosmt;314570;2026-07-06;1701006929
camara;204391;José Nelto;instagram;joseneltooficial;54412;2026-07-06;1460641842
camara;74079;José Priante;instagram;prianteoficial;46168;2026-07-06;2077734994
camara;74554;José Rocha;instagram;dra.mariarocha;16604;2026-07-06;227513434
camara;209189;Joseildo Ramos;instagram;joseildoramos;31831;2026-07-06;1166954452
camara;220578;Josenildo;instagram;josenildoap_;41586;2026-07-06;31921017854
camara;204563;Josimar Maranhãozinho;instagram;josimarmaranhaozinho;138704;2026-07-06;1419508271
camara;215043;Josivaldo JP;instagram;jpdeputado;100740;2026-07-06;7437701342
camara;204474;Juarez Costa;instagram;juarezcostamt;16460;2026-07-06;8355487721
camara;220559;Julia Zanatta;instagram;juliazanattasc;1053153;2026-07-06;54413673
camara;220640;Juliana Cardoso;instagram;julianacardoso_pt;62846;2026-07-06;48918640
camara;66385;Julio Arcoverde;instagram;julioarcoverde;29541;2026-07-06;287671852
camara;74317;Júlio Cesar;instagram;deputadojuliocesar;;;
camara;204372;Julio Cesar Ribeiro;instagram;juliocesarribeiro;79017;2026-07-06;51422188
camara;74253;Julio Lopes;instagram;juliolopes_rio;198414;2026-07-06;492937495
camara;204457;Juninho do Pneu;instagram;juninhodopneu;36425;2026-07-06;1436477531
camara;204520;Junio Amaral;instagram;junioamaraldm;358957;2026-07-06;4006235870
camara;204497;Júnior Ferrari;instagram;juniorferrarideputado;86346;2026-07-06;578137812
camara;204574;Junior Lourenço;instagram;juniorlourenco2200;27531;2026-07-06;300404160
camara;204550;Júnior Mano;instagram;juniormanodep;90829;2026-07-06;1026109069
camara;178886;Juscelino Filho;instagram;juscelinofilho;95450;2026-07-06;13997051
camara;220677;Keniston Braga;instagram;kenistonoficial;67918;2026-07-06;4015773272
camara;162067;Kiko Celeguim;instagram;kiko.celeguim;65516;2026-07-06;2198686538
camara;204536;Kim Kataguiri;instagram;kimkataguiri;2386730;2026-07-06;1671768728
camara;98057;Lafayette de Andrada;instagram;lafayetteandrada;25925;2026-07-06;509512552
camara;74856;Laura Carneiro;instagram;rjlauracarneiro;54767;2026-07-06;1741964743
camara;178832;Leandre;instagram;leandredalponte;27490;2026-07-06;1334831795
camara;220566;Lêda Borges;instagram;ledaborgesm;42744;2026-07-06;1638817306
camara;122195;Leonardo Gadelha;instagram;leonardogadelhapb;;;
camara;74156;Leonardo Monteiro;instagram;depleomonteiro;29377;2026-07-06;6099188166
camara;92102;Leur Lomanto Júnior;instagram;leurlomantojr;36951;2026-07-06;49995110
camara;139285;Lídice da Mata;instagram;lidicedamata;81532;2026-07-06;713772189
camara;74585;Lincoln Portela;instagram;deputado.lincolnportela;21222;2026-07-06;4093403453
camara;74858;Lindbergh Farias;instagram;lindberghfarias;735040;2026-07-06;215990939
camara;220662;Lucas Ramos;instagram;lucasramospe;38298;2026-07-06;1390516324
camara;204404;Lucas Redecker;instagram;lucasredecker;28754;2026-07-06;283286044
camara;220581;Luciano Amaral;instagram;lucianoamaral;411524;2026-07-06;1678080
camara;74478;Luciano Bivar;instagram;bivaroficial;29259;2026-07-06;8459000429
camara;178931;Luciano Ducci;instagram;lucianoducci;20503;2026-07-06;46170947
camara;178954;Lucio Mosquini;instagram;luciomosquini;257932;2026-07-06;1720760279
camara;204410;Luisa Canziani;instagram;luisa_canziani;54414;2026-07-06;236807003
camara;141485;Luiz Carlos Busato;instagram;lcbusato;49253;2026-07-06;18235522
camara;73778;Luiz Carlos Hauly;instagram;deputadohauly;114123;2026-07-06;522820434
camara;204485;Luiz Carlos Motta;instagram;deputadomotta;19975;2026-07-06;423006451
camara;74041;Luiz Couto;instagram;luizcoutopt;33371;2026-07-06;8331835955
camara;141487;Luiz Fernando Faria;instagram;luiz_faria;2686;2026-07-06;180308865
camara;220658;Luiz Gastão;instagram;luizgastaoce;40306;2026-07-06;52932250127
camara;204455;Luiz Lima;instagram;oficialluizlima;712284;2026-07-06;402675988
camara;162332;Luiz Nishimori;instagram;luiznishimori;17848;2026-07-06;6682550789
camara;204526;Luiz Philippe de Orleans e Bragança;instagram;lpbragancabr;944764;2026-07-06;4131331096
camara;74784;Luiza Erundina;instagram;luizaerundina;551227;2026-07-06;698828532
camara;178866;Luizianne Lins;instagram;luiziannelinsce;149383;2026-07-06;1434089097
camara;220669;Lula da Fonte;instagram;luladafonte;44097;2026-07-06;29117587
camara;166402;Magda Mofatto;instagram;magdamofatto.goias;102431;2026-07-06;1395618869
camara;220648;Marangoni;instagram;marangoni.oficial;47083;2026-07-06;7058283138
camara;156190;Marcel van Hattem;instagram;MARCELVANHATTEM;2441408;2026-07-06;230131684
camara;179000;Marcelo Álvaro Antônio;instagram;marceloalvaroantonio;139286;2026-07-06;17054655
camara;220599;Marcelo Crivella;instagram;marcelocrivella;654875;2026-07-06;1095854159
camara;133810;Marcelo Moraes;instagram;depmarcelo.moraes;19348;2026-07-06;6984323253
camara;204558;Marcelo Nilo;instagram;marcelonilo;3663;2026-07-06;256710888
camara;160161;Marcelo Queiroz;instagram;marcelo.queiroz;207959;2026-07-06;178333536
camara;178983;Marcio Alvino;instagram;marcioalvino;87652;2026-07-06;465135838
camara;179001;Márcio Biolchi;instagram;dep.biolchi;7211;2026-07-06;49842924400
camara;220687;Márcio Honaiser;instagram;marciohonaiser;76603;2026-07-06;404612182
camara;81055;Márcio Jerry;instagram;marciojerry;70194;2026-07-06;178782774
camara;150418;Márcio Marinho;instagram;deputadomarciomarinho;76540;2026-07-06;399365840
camara;160535;Marcon;instagram;deputadomarcon;27727;2026-07-06;2935484880
camara;204431;Marcos Aurélio Sampaio;instagram;marcospsampaio;27671;2026-07-06;275479738
camara;236375;Marcos Braz;instagram;marcosbrazoficial;872707;2026-07-06;2280752487
camara;204506;Marcos Pereira;instagram;marcospereira1010;118348;2026-07-06;290917618
camara;220547;Marcos Pollon;instagram;pollonms;381303;2026-07-06;1591068958
camara;178943;Marcos Soares;instagram;marcossoares;15471;2026-07-06;11105386212
camara;220604;Marcos Tavares;instagram;oficialmarcostavares;115928;2026-07-06;5565206502
camara;220668;Maria Arraes;instagram;mariaarraes;271420;2026-07-06;3884013
camara;74398;Maria do Rosário;instagram;_mariadorosario;409364;2026-07-06;220177808
camara;204540;Maria Rosas;instagram;mariarosas.oficial;60322;2026-07-06;543408112
camara;220637;Marina Silva;instagram;marinasilvaoficial;1163167;2026-07-06;298564402
camara;220655;Mario Frias;instagram;mariofriasoficial;2431976;2026-07-06;45023180
camara;74158;Mário Heringer;instagram;deputadomarioheringer;61043;2026-07-06;4935780990
camara;178858;Mário Negromonte Jr.;instagram;marionegromontejr;121735;2026-07-06;34133488
camara;204566;Marreca Filho;instagram;depmarrecafilho;47327;2026-07-06;580087883
camara;220572;Marussa Boldrin;instagram;marussa.boldrin;57511;2026-07-06;5214909
camara;178843;Marx Beltrão;instagram;marxbeltrao;158349;2026-07-06;489467194
camara;220661;Matheus Noronha;instagram;noronhaprotecao;3066;2026-07-06;48728757312
camara;220609;Maurício Carvalho;instagram;mauriciocarvalho_;50833;2026-07-06;287228160
camara;220628;Mauricio do Vôlei;instagram;mauriciodovolei;2305756;2026-07-06;209382514
camara;220550;Mauricio Marcon;instagram;mauriciomarcon;830952;2026-07-06;1553941186
camara;220647;Mauricio Neves;instagram;mauricioneves_oficial;75889;2026-07-06;271252393
camara;204486;Mauro Benevides Filho;instagram;mauro_benevidesfilho;107434;2026-07-06;6121070793
camara;220607;Max Lemos;instagram;maxlemosoficial;39632;2026-07-06;519528262
camara;220591;Meire Serafim;instagram;dep.meireserafim;7784;2026-07-06;52729248505
camara;74428;Mendonça Filho;instagram;mendoncafilhope;98566;2026-07-06;204469419
camara;188097;Merlong Solano;instagram;merlongsolano;69111;2026-07-06;436948566
camara;220585;Mersinho Lucena;instagram;mersinho_lucena;73516;2026-07-06;25884920
camara;220530;Messias Donato;instagram;messiasdonato;443480;2026-07-06;375296768
camara;171786;Miguel Ângelo;instagram;miguelangelomg13;27160;2026-07-06;7287578
camara;178985;Miguel Lombardi;instagram;dep.miguellombardi;13384;2026-07-06;3001101396
camara;154178;Milton Vieira;instagram;miltonvieiraoficial;70615;2026-07-06;407837998
camara;178895;Misael Varella;instagram;misaelvarella;25139;2026-07-06;433337604
camara;160561;Missionário José Olimpio;instagram;missionariojoseolimpio;38445;2026-07-06;5926907866
camara;178997;Moses Rodrigues;instagram;mosesrodriguesoficial;52244;2026-07-06;1088659284
camara;220617;Murillo Gouvea;instagram;murillogouvea.rj;30489;2026-07-06;17364776237
camara;204453;Natália Bonavides;instagram;nataliabonavides;358865;2026-07-06;291569255
camara;204449;Nelson Barbudo;instagram;nelsonbarbudo;171244;2026-07-06;7182331005
camara;220622;Nely Aquino;instagram;nelyaquinooficial;31900;2026-07-06;576392483
camara;220703;Neto Carletto;instagram;netocarletto;69555;2026-07-06;2329261180
camara;178896;Newton Cardoso Jr;instagram;newtoncardosojr;46152;2026-07-06;14947126
camara;204479;Nicoletti;instagram;deputadonicoletti;123119;2026-07-06;6648336497
camara;209787;Nikolas Ferreira;instagram;nikolasferreiradm;22068421;2026-07-06;359409201
camara;178986;Nilto Tatto;instagram;niltotatto;54260;2026-07-06;1137603644
camara;194260;Nivaldo Albuquerque;instagram;nivaldoalbuquerque;;;
camara;204498;Olival Marques;instagram;OlivalMarques;38008;2026-07-06;1397675640
camara;178987;Orlando Silva;instagram;orlandosilvasp;156698;2026-07-06;183861656
camara;73692;Osmar Terra;instagram;terra.osmar;142455;2026-07-06;6216620568
camara;204441;Otoni de Paula;instagram;otonidepaulaoficial;379920;2026-07-06;2714733809
camara;160556;Padre João;instagram;dep_padrejoao;296329;2026-07-06;4320599590
camara;180214;Pastor Diniz;instagram;pastordiniz.ad;12755;2026-07-06;2030602243
camara;160642;Pastor Eurico;instagram;deputadopastoreuricooficial;72764;2026-07-06;1471896704
camara;204570;Pastor Gil;instagram;deputadogildenemyr;;;
camara;220615;Pastor Henrique Vieira;instagram;pastorhenriquevieira;1485762;2026-07-06;3055246362
camara;204553;Pastor Sargento Isidório;instagram;pastorsargentoisidorio;464076;2026-07-06;2201580329
camara;74160;Patrus Ananias;instagram;patrus_ananias;36723;2026-07-06;18597664885
camara;141518;Paulinho da Força;instagram;deputadofederalpaulinho;20718;2026-07-06;4821812969
camara;141516;Paulo Abi-Ackel;;;;;
camara;220650;Paulo Alexandre Barbosa;instagram;pauloalexandrebarbosa;119498;2026-07-06;181814850
camara;178860;Paulo Azi;instagram;PauloAziofcial;;;
camara;160517;Paulo Folletto;instagram;paulo.folletto;15797;2026-07-06;7497531855
camara;160558;Paulo Freire Costa;instagram;deppaulofreire;29576;2026-07-06;5736005025
camara;204492;Paulo Guedes;instagram;deputadopauloguedes;56643;2026-07-06;1460734936
camara;233592;Paulo Lemos;instagram;paulolemosap;17948;2026-07-06;346394873
camara;220685;Paulo Litro;instagram;paulolitro;23894;2026-07-06;812543146
camara;74574;Paulo Magalhães;instagram;dep.paulomagalhaes;11117;2026-07-06;4581808263
camara;74400;Paulo Pimenta;instagram;pimenta13br;465455;2026-07-06;3556987951
camara;154700;Paulo Soares;instagram;paulosoaresjornalista;14587;2026-07-06;29589007726
camara;141488;Paulo Teixeira;instagram;pauloteixeira13;339270;2026-07-06;249291132
camara;220630;Pedro Aihara;instagram;pedroaihara;284471;2026-07-06;1128769263
camara;220667;Pedro Campos;instagram;pedrocampospe;688016;2026-07-06;21585713
camara;122974;Pedro Lucas Fernandes;instagram;_pedrolucasfernandes;70710;2026-07-06;23694384
camara;204395;Pedro Lupion;instagram;pedrolupion;103297;2026-07-06;262317391
camara;122158;Pedro Paulo;instagram;rio.pedropaulo;98585;2026-07-06;24602183
camara;160604;Pedro Uczai;instagram;pedro.uczai;149119;2026-07-06;5471159512
camara;204406;Pedro Westphalen;instagram;pedrowestphalen;19355;2026-07-06;448509373
camara;161440;Pezenti;instagram;deputadopezenti;158870;2026-07-06;6674462216
camara;204524;Pinheirinho;instagram;pinheirinhomg;31755;2026-07-06;41573648
camara;73486;Pompeo de Mattos;instagram;pompeodemattospdt;35851;2026-07-06;1432815378
camara;160601;Pr. Marco Feliciano;;;;;
camara;220533;Prof. Reginaldo Veras;instagram;reginaldo.veras;72697;2026-07-06;1701916838
camara;204390;Professor Alcides;instagram;professoralcidesoficial;72900;2026-07-06;6893742029
camara;221338;Professora Luciene Cavalcante;instagram;proflucienecavalcante;343623;2026-07-06;1446545980
camara;160641;Professora Marcivania;instagram;profmarcivania;12646;2026-07-06;8431805647
camara;220586;Rafael Brito;instagram;rafaelbrito15;346958;2026-07-06;431337067
camara;233594;Rafael Fera;instagram;rafaeleofera;45220;2026-07-06;8063087792
camara;220532;Rafael Prudente;instagram;rafaelprudentedep;56400;2026-07-06;2005944407
camara;220626;Rafael Simoes;instagram;rafaelsimoesmg;33310;2026-07-06;8448690712
camara;204567;Raimundo Costa;instagram;jr.raimundocosta;3178;2026-07-06;3407372137
camara;74084;Raimundo Santos;instagram;depraimundosantos;39821;2026-07-06;508585930
camara;115200;Raniery Paulino;instagram;ranierypaulino;58763;2026-07-06;285206122
camara;74161;Reginaldo Lopes;instagram;reginaldolopesmg;112502;2026-07-06;1283236019
camara;220606;Reimont;instagram;reimont;90379;2026-07-06;42714608
camara;153423;Renilce Nicodemos;instagram;renilcenicodemoss;157263;2026-07-06;1546656915
camara;73801;Renildo Calheiros;instagram;renildocalheiros;29710;2026-07-06;353191227
camara;175765;Ribamar Silva;instagram;ribamarsilvaoficial;28419;2026-07-06;3402806028
camara;221329;Ricardo Abrão;instagram;ricardoabraooficial;25925;2026-07-06;48549568387
camara;220543;Ricardo Ayres;instagram;ricardoayres_to;33075;2026-07-06;353591277
camara;73788;Ricardo Barros;instagram;ricardobarros.oficial;45460;2026-07-06;1395196196
camara;204362;Ricardo Guidi;instagram;ricardozguidi;26572;2026-07-06;26328939
camara;220694;Ricardo Maia;instagram;ricardomaia.dabahia;83318;2026-07-06;2966287683
camara;220633;Ricardo Salles;instagram;ricardosallesmma;1116611;2026-07-06;2252059832
camara;204489;Robério Monteiro;instagram;dep.roberiomonteiro;54575;2026-07-06;8152350184
camara;220693;Roberta Roma;instagram;robertaroma.ba;60845;2026-07-06;31186697
camara;220588;Roberto Duarte;instagram;rdnarede;41749;2026-07-06;634448891
camara;220613;Roberto Monteiro Pai;instagram;robertomonteiropai;319662;2026-07-06;55475515480
camara;220624;Robinson Faria;instagram;robinsonfaria;95206;2026-07-06;245246280
camara;220546;Rodolfo Nogueira;instagram;rodolfonogueirams?igshid=YmMyMTA2M2Y=;;;
camara;230767;Rodrigo da Zaeli;instagram;rodrigodazaeli;127686;2026-07-06;516426830
camara;141531;Rodrigo de Castro;instagram;rodrigodecastromg;18328;2026-07-06;546770267
camara;220641;Rodrigo Gambale;instagram;rodrigogambale;103032;2026-07-06;5910941603
camara;141533;Rodrigo Rollemberg;instagram;rollembergpsb;40442;2026-07-06;1316338933
camara;165470;Rodrigo Valadares;instagram;rodrigovaladares_;453024;2026-07-06;175656735
camara;220695;Rogéria Santos;instagram;rogeriasantosoficial;80641;2026-07-06;537639454
camara;204480;Rogério Correia;instagram;rogeriocorreia_;335865;2026-07-06;588252768
camara;204525;Rosana Valle;instagram;rosanavalleoficial;424018;2026-07-06;291288216
camara;178945;Rosangela Gomes;instagram;rosangelasgomes;;;
camara;220644;Rosangela Moro;instagram;rosangelawmoro;305424;2026-07-06;2000673304
camara;220620;Rosângela Reis;instagram;rosangelareis.mg;33852;2026-07-06;5440488725
camara;74371;Rubens Otoni;instagram;rubensotoni;124825;2026-07-06;962988062
camara;178887;Rubens Pereira Júnior;instagram;rubenspereirajr;109070;2026-07-06;1110828926
camara;73604;Rui Falcão;instagram;ruifalcao13;41753;2026-07-06;6154888261
camara;160635;Ruy Carneiro;instagram;ruy.carneiro;66864;2026-07-06;389870003
camara;204535;Sâmia Bomfim;instagram;samiabomfim;1914693;2026-07-06;360239333
camara;220631;Samuel Viana;instagram;vianasamuel;30151;2026-07-06;231720765
camara;204416;Sanderson;instagram;sandersonrs;277782;2026-07-06;2309401095
camara;160621;Sandro Alex;instagram;sandroalex;74289;2026-07-06;5817927477
camara;236518;Santin Roveda;instagram;santinroveda;130313;2026-07-06;3088672792
camara;204387;Sargento Fahur;instagram;sargentofahurpr;1498605;2026-07-06;51577090200
camara;220621;Sargento Gonçalves;instagram;sargentogoncalves22;331776;2026-07-06;7326155749
camara;220618;Sargento Portugal;instagram;sargentoportugal;94036;2026-07-06;50260902481
camara;220713;Saullo Vianna;instagram;saullovianna;38728;2026-07-06;192538793
camara;226837;Saulo Pedroso;instagram;saulopedrososp;45253;2026-07-06;3534151683
camara;73808;Sérgio Brito;instagram;sergiobritodepfederal5580;16417;2026-07-06;3939896803
camara;178933;Sergio Souza;instagram;sergiosouzapr;22990;2026-07-06;6551849893
camara;235776;Sérgio Turra;instagram;sergioturra;17692;2026-07-06;244257364
camara;204557;Sidney Leite;instagram;sidneyleite_;47314;2026-07-06;28786146
camara;204360;Silvia Cristina;instagram;silviacristina.ro;69119;2026-07-06;475113034
camara;204425;Silvio Costa Filho;instagram;silviocostafilho;130338;2026-07-06;189315541
camara;220569;Silvye Alves;instagram;silvyealves;2646644;2026-07-06;214389423
camara;220651;Simone Marquetto;instagram;simonemarquetto;177215;2026-07-06;3158766741
camara;104552;Socorro Neri;instagram;socorroneri;60356;2026-07-06;6383022516
camara;220643;Sônia Guajajara;instagram;guajajarasonia;799659;2026-07-06;3158570763
camara;178946;Soraya Santos;instagram;dep.sorayasantos;38557;2026-07-06;2253556752
camara;178947;Sóstenes Cavalcante;instagram;sostenescavalcante;841270;2026-07-06;352837931
camara;92776;Stefano Aguiar;instagram;depstefano;32256;2026-07-06;337287085
camara;204534;Tabata Amaral;instagram;tabataamaralsp;2166102;2026-07-06;3256423663
camara;220682;Tadeu Veneri;instagram;tadeuveneri;59601;2026-07-06;3703076277
camara;204464;Talíria Petrone;instagram;taliriapetrone;484596;2026-07-06;1014364898
camara;220598;Tarcísio Motta;instagram;tarcisiomottapsol;301324;2026-07-06;1419184698
camara;220560;Thiago de Joaldo;instagram;thiagodejoaldo;96778;2026-07-06;1569121813
camara;220597;Thiago Flores;instagram;deputadothiagoflores;;;
camara;143084;Tiago Dimas;instagram;tiagodimas;69039;2026-07-06;28158348
camara;220684;Tião Medeiros;instagram;tiaomedeirospr;28331;2026-07-06;188442958
camara;160976;Tiririca;instagram;tiririca;7236046;2026-07-06;583354292
camara;178934;Toninho Wandscheer;instagram;toninhowandscheer;16595;2026-07-06;4652904064
camara;157130;Túlio Gadêlha;instagram;tulio.gadelha;1815196;2026-07-06;505553568
camara;236423;Valdir Trindade;instagram;valdirtrindade;62582;2026-07-06;199094369
camara;160610;Valmir Assunção;instagram;depvalmir;32034;2026-07-06;1179004932
camara;74376;Vander Loubet;instagram;vanderloubet;20508;2026-07-06;347396119
camara;235712;Vavá;instagram;vavacarstr;149534;2026-07-06;11142417238
camara;204396;Vermelho;instagram;deputado_vermelho;20338;2026-07-06;8408556878
camara;137070;Vicentinho Júnior;instagram;vicentinhojunior;114760;2026-07-06;286495390
camara;141555;Vinicius Carvalho;instagram;viniciuscarvalhooficial;28436;2026-07-06;402432621
camara;160591;Vinicius Gurgel;instagram;viniciusgurgel_;18469;2026-07-06;1453252837
camara;178992;Vitor Lippi;instagram;vitorlippi;116139;2026-07-06;5512626374
camara;91228;Waldemar Oliveira;instagram;waldemaroliveiraoficial;28954;2026-07-06;39692802002
camara;160569;Waldenor Pereira;instagram;waldenor;30087;2026-07-06;2257555557
camara;160518;Weliton Prado;instagram;weliton.prado;60885;2026-07-06;3542609188
camara;74043;Wellington Roberto;instagram;wellingtonroberto.pb;19417;2026-07-06;33496826084
camara;224333;Welter;instagram;eltonwelter;;;
camara;220564;Yandra Moura;instagram;yandramourase;100834;2026-07-06;10009291
camara;220660;Yury do Paredão;instagram;yurydoparedao;270603;2026-07-06;41765347
camara;230768;Zé Adriano;instagram;zeadrianoac;5535;2026-07-06;8025933837
camara;220536;Zé Haroldo Cathedral;instagram;zeharoldocathedral;26325;2026-07-06;246926235
camara;204559;Zé Neto;instagram;depzeneto;109077;2026-07-06;192869618
camara;160632;Zé Silva;instagram;depzesilva;29744;2026-07-06;2608842758
camara;220558;Zé Trovão;instagram;zetrovaodeputado;1246846;2026-07-06;52683363373
camara;204517;Zé Vitor;instagram;zevitormg;61276;2026-07-06;363405381
camara;160592;Zeca Dirceu;instagram;zecadirceuoficial;;;
camara;220592;Zezinho Barbary;instagram;zezinhobarbary;14983;2026-07-06;31833187437
camara;220552;Zucco;instagram;zucco;802567;2026-07-06;594703018
senado;5672;Alan Rick;instagram;alanrickm;79614;2026-07-06;263122444
senado;5982;Alessandro Vieira;instagram;alessandrovieirase;402714;2026-07-06;2287854653
senado;6358;Ana Paula Lobato;instagram;ana_paulalobato;70486;2026-07-06;223660786
senado;5967;Angelo Coronel;instagram;angelo.coronel;322852;2026-07-06;1423331127
senado;6009;Astronauta Marcos Pontes;instagram;astropontes;1720948;2026-07-06;386563417
senado;4639;Beto Faro;instagram;farovonluxbeton;727;2026-07-06;42902874869
senado;6336;Camilo Santana;instagram;camilosantanaoficial;1499955;2026-07-06;2562400964
senado;6295;Carlos Fávaro;instagram;carloshbfavaro;70114;2026-07-06;1420665698
senado;5936;Carlos Portinho;instagram;carlosportinho;161344;2026-07-06;1831722064
senado;5990;Carlos Viana;instagram;carlosviana;1036437;2026-07-06;7470110469
senado;470;Chico Rodrigues;instagram;chicorodriguesrr;49587;2026-07-06;243935699
senado;5973;Cid Gomes;instagram;senadorcidgomes;144549;2026-07-06;8436783600
senado;739;Ciro Nogueira;instagram;cironogueira;235308;2026-07-06;180760917
senado;6337;Cleitinho;instagram;cleitinhoazevedo;4424276;2026-07-06;4462213241
senado;475;Confúcio Moura;instagram;confucio.moura;38207;2026-07-06;7755003094
senado;6335;Damares Alves;instagram;damaresalvesoficial;4179733;2026-07-06;3194535550
senado;5998;Daniella Ribeiro;instagram;daniellasenadora;112252;2026-07-06;561884083
senado;3830;Davi Alcolumbre;instagram;davialcolumbre;278178;2026-07-06;1430854189
senado;5793;Dr. Hiran;;;;;
senado;5906;Dra. Eudócia;;;;;
senado;4994;Eduardo Braga;instagram;eduardobraga_am;234222;2026-07-06;29651396
senado;5976;Eduardo Girão;instagram;eduardogiraooficial;707540;2026-07-06;8182919737
senado;3777;Eduardo Gomes;instagram;eduardogomestocantins;41296;2026-07-06;8523894881
senado;4642;Efraim Filho;instagram;efraimfilhopb;195494;2026-07-06;249815259
senado;5718;Eliziane Gama;instagram;elizianegama;195242;2026-07-06;343421079
senado;22;Esperidião Amin;instagram;esperidiaoamin;353862;2026-07-06;8394142297
senado;5953;Fabiano Contarato;instagram;fabianocontarato;935587;2026-07-06;1555210827
senado;5917;Fernando Dueire;instagram;fernandodueire;45172;2026-07-06;32726933477
senado;345;Flávio Arns;instagram;flavioarns;48263;2026-07-06;8336176777
senado;5894;Flávio Bolsonaro;instagram;flaviobolsonaro;10732071;2026-07-06;1423162426
senado;6008;Giordano;instagram;giordano_mazzocchi10;976309;2026-07-06;7631147701
senado;6341;Hamilton Mourão;instagram;generalmourao;592179;2026-07-06;17423730249
senado;6381;Hermes Klann;instagram;hermesklann;10125;2026-07-06;49017603984
senado;5008;Humberto Costa;instagram;senadorhumberto;548096;2026-07-06;46001026
senado;5385;Irajá;instagram;irajasenador;63826;2026-07-06;1159179979
senado;6010;Ivete da Silveira;instagram;senadoraivete_oficial;33178;2026-07-06;55080193204
senado;4770;Izalci Lucas;instagram;izalci;127419;2026-07-06;748010851
senado;35;Jader Barbalho;instagram;jaderbarbalho;80521;2026-07-06;2288121962
senado;6340;Jaime Bagattoli;instagram;jaimebagattolioficial;107793;2026-07-06;8309569040
senado;581;Jaques Wagner;instagram;jaqueswagner;302835;2026-07-06;603098102
senado;4531;Jayme Campos;instagram;jaymecamposmt;89563;2026-07-06;7344808312
senado;5895;Jorge Kajuru;instagram;jorgekajaranacabus;821;2026-07-06;56996577074
senado;6369;Jussara Lima;instagram;jussaraglima;18783;2026-07-06;225305556
senado;4811;Laércio Oliveira;instagram;dr.laercioliveira;9056;2026-07-06;36144664
senado;5979;Leila Barros;instagram;barrosoleila;227;2026-07-06;1385854154
senado;5926;Lucas Barreto;instagram;lucasbarreto_ap;44214;2026-07-06;8357390125
senado;1186;Luis Carlos Heinze;instagram;heinzeoficial;170510;2026-07-06;6431207098
senado;631;Magno Malta;instagram;magnomalta;2990854;2026-07-06;352804906
senado;5376;Mara Gabrilli;instagram;maragabrilli;147746;2026-07-06;190773721
senado;742;Marcelo Castro;instagram;marcelocastropi;82996;2026-07-06;4946514014
senado;285;Marcio Bittar;instagram;marciobittar_;267264;2026-07-06;6941549769
senado;5942;Marcos do Val;instagram;marcosdoval;1607383;2026-07-06;342019796
senado;5422;Marcos Rogério;instagram;marcosrogeriooficial;879852;2026-07-06;3125236166
senado;5985;Nelsinho Trad;instagram;nelsinhotrad;59576;2026-07-06;189462720
senado;5525;Omar Aziz;instagram;omaraziz.am;143293;2026-07-06;46855574890
senado;5924;Oriovisto Guimarães;instagram;senadororiovisto;42168;2026-07-06;7988908544
senado;5523;Otto Alencar;instagram;ottoalencar;194592;2026-07-06;1293069412
senado;825;Paulo Paim;instagram;paulo.paim_;125;2026-07-06;46458513685
senado;5502;Plínio Valério;instagram;plinio.valerio;118185;2026-07-06;7937605238
senado;5386;Professora Dorinha Seabra;;;;;
senado;5012;Randolfe Rodrigues;instagram;randolferodrigues;749828;2026-07-06;299094111
senado;70;Renan Calheiros;instagram;renancalheiros;336100;2026-07-06;4651403055
senado;5207;Renan Filho;instagram;renanfilho;719127;2026-07-06;224765761
senado;6025;Roberta Acioly;instagram;drarobertaacioly;22412;2026-07-06;30494483
senado;5732;Rodrigo Pacheco;instagram;rodrigonossolar;177954;2026-07-06;302801146
senado;5352;Rogério Carvalho;instagram;senadorrogerio;174569;2026-07-06;349334128
senado;4694;Rogerio Marinho;instagram;rogerio.smarinho;746631;2026-07-06;190282870
senado;5322;Romário;instagram;romariofaria;5500233;2026-07-06;199863937
senado;6331;Sergio Moro;instagram;sf_moro;4242153;2026-07-06;28242707739
senado;4560;Sérgio Petecão;;;;;
senado;5988;Soraya Thronicke;instagram;sorayathronicke;471891;2026-07-06;197033495
senado;5959;Styvenson Valentim;instagram;senadorstyvensonvalentim;297458;2026-07-06;10679901588
senado;6338;Teresa Leitão;instagram;teresaleitaope;123964;2026-07-06;1423422001
senado;5736;Tereza Cristina;instagram;terezacristinams;543758;2026-07-06;1041324731
senado;5899;Vanderlan Cardoso;instagram;vanderlancardosooficial;105920;2026-07-06;1013972221
senado;5748;Veneziano Vital do Rêgo;;;;;
senado;1173;Wellington Fagundes;instagram;wellingtonfagundesmt;97493;2026-07-06;1418097251
senado;5411;Weverton;instagram;wevertonrochasenador;153083;2026-07-06;1065860007
senado;5070;Wilder Morais;instagram;wildermorais;176635;2026-07-06;978395481
senado;5783;Zenaide Maia;;;;;
senado;3806;Zequinha Marinho;instagram;zequinhamarinhooficial;97362;2026-07-06;5479274649
